gene	baseMean	log2FoldChange	lfcSE	stat	pvalue	padj
ENSG00000160191	76915.25805894409	3.0714879696778614	0.1550062641130378	19.815250611020396	2.199105431155197e-87	5.0359514373454015e-85
ENSG00000154734	22859.051197979843	3.4415382044518936	0.17921720447070452	19.203168661268005	3.4818857216287844e-82	3.986759151264958e-80
ENSG00000154723	7342.144962850488	2.581829904073809	0.16368254529323478	15.773397825947173	4.74281027437703e-56	3.620345176107799e-54
ENSG00000180509	30222.636708208887	2.9432306967915793	0.199786941798321	14.731847188304648	4.0255034466596e-49	2.304600723212621e-47
ENSG00000183145	9990.47900659578	2.890353071792281	0.24856934522091875	11.627954642691149	2.9713189055766717e-31	1.3608640587541155e-29
ENSG00000276289	11794.911129169837	2.859885313985949	0.46544482187312414	6.144413214173702	8.025965710217673e-10	3.063243579399745e-8
ENSG00000277277	724.500128234022	0.9280731896497568	0.2640956080590551	3.5141560909344167	4.4115350126001246e-4	0.014432021684077551
ENSG00000141959	16335.865496685312	2.5928221917633056	0.82425853262428606	3.145641918329	0.001657227701804034	0.04743814296414047
